{
  "simple_cnn": {
    "accs": [
      0.783,
      0.799,
      0.804
    ],
    "mean": 0.7953333333333333,
    "std": 0.00895668589502961,
    "params": 94410,
    "mean_time": 15.098166863123575,
    "epoch_accs": [
      [
        0.649,
        0.768,
        0.783
      ],
      [
        0.659,
        0.757,
        0.799
      ],
      [
        0.668,
        0.729,
        0.804
      ]
    ]
  },
  "growth_graph": {
    "accs": [
      0.78,
      0.77,
      0.773
    ],
    "mean": 0.7743333333333333,
    "std": 0.004189935029992182,
    "params": 94186,
    "mean_time": 13.941598415374756,
    "epoch_accs": [
      [
        0.626,
        0.725,
        0.78
      ],
      [
        0.662,
        0.726,
        0.77
      ],
      [
        0.609,
        0.74,
        0.773
      ]
    ]
  }
}