{
  "simple_cnn": {
    "accs": [
      0.783,
      0.799,
      0.804
    ],
    "mean": 0.7953333333333333,
    "std": 0.00895668589502961,
    "params": 94410,
    "mean_time": 15.435336907704672,
    "epoch_accs": [
      [
        0.649,
        0.768,
        0.783
      ],
      [
        0.659,
        0.757,
        0.799
      ],
      [
        0.668,
        0.729,
        0.804
      ]
    ]
  },
  "growth_graph": {
    "accs": [
      0.773,
      0.762,
      0.764
    ],
    "mean": 0.7663333333333334,
    "std": 0.004784233364802446,
    "params": 94186,
    "mean_time": 14.618043104807535,
    "epoch_accs": [
      [
        0.591,
        0.714,
        0.773
      ],
      [
        0.635,
        0.718,
        0.762
      ],
      [
        0.613,
        0.724,
        0.764
      ]
    ]
  }
}