{
  "simple_cnn": {
    "accs": [
      0.783,
      0.799,
      0.804
    ],
    "mean": 0.7953333333333333,
    "std": 0.00895668589502961,
    "params": 94410,
    "mean_time": 14.073771079381308,
    "epoch_accs": [
      [
        0.649,
        0.768,
        0.783
      ],
      [
        0.659,
        0.757,
        0.799
      ],
      [
        0.668,
        0.729,
        0.804
      ]
    ]
  },
  "growth_graph": {
    "accs": [
      0.788,
      0.787,
      0.801
    ],
    "mean": 0.7920000000000001,
    "std": 0.006377042156569669,
    "params": 94186,
    "mean_time": 15.568465948104858,
    "epoch_accs": [
      [
        0.631,
        0.658,
        0.788
      ],
      [
        0.607,
        0.726,
        0.787
      ],
      [
        0.524,
        0.739,
        0.801
      ]
    ]
  }
}