{
  "baseline": {
    "mean": 0.42000000000000004,
    "std": 0.08399999999999999,
    "accs": [
      0.504,
      0.336
    ]
  },
  "add_conv": {
    "mean": 0.1845,
    "std": 0.1845,
    "accs": [
      0.369,
      0.0
    ],
    "params": 0,
    "delta": -0.23550000000000004
  },
  "add_dw_sep": {
    "mean": 0.2875,
    "std": 0.04250000000000001,
    "accs": [
      0.33,
      0.245
    ],
    "params": 95626,
    "delta": -0.13250000000000006
  },
  "add_pool": {
    "mean": 0.54,
    "std": 0.04899999999999999,
    "accs": [
      0.589,
      0.491
    ],
    "params": 94186,
    "delta": 0.12
  },
  "add_bn_relu": {
    "mean": 0.40149999999999997,
    "std": 0.01849999999999999,
    "accs": [
      0.42,
      0.383
    ],
    "params": 94250,
    "delta": -0.018500000000000072
  },
  "add_skip": {
    "mean": 0.42000000000000004,
    "std": 0.08399999999999999,
    "accs": [
      0.504,
      0.336
    ],
    "params": 94186,
    "delta": 0.0
  },
  "widen": {
    "mean": 0.4315,
    "std": 0.07250000000000001,
    "accs": [
      0.504,
      0.359
    ],
    "params": 103578,
    "delta": 0.011499999999999955
  },
  "narrow": {
    "mean": 0.42500000000000004,
    "std": 0.11800000000000002,
    "accs": [
      0.307,
      0.543
    ],
    "params": 89490,
    "delta": 0.0050000000000000044
  },
  "prune": {
    "mean": 0.3785,
    "std": 0.01150000000000001,
    "accs": [
      0.367,
      0.39
    ],
    "params": 94186,
    "delta": -0.04150000000000004
  },
  "add_block": {
    "mean": 0.4275,
    "std": 0.007500000000000007,
    "accs": [
      0.42,
      0.435
    ],
    "params": 103530,
    "delta": 0.007499999999999951
  }
}