{
  "1": {
    "mean": 0.49700000000000005,
    "std": 0.03182242395963367,
    "cv": 0.06402902205157679,
    "accs": [
      0.454,
      0.53,
      0.507
    ],
    "time": 8.5587899684906
  },
  "2": {
    "mean": 0.7086666666666667,
    "std": 0.011440668201153687,
    "cv": 0.016143934432484037,
    "accs": [
      0.723,
      0.708,
      0.695
    ],
    "time": 16.572643518447876
  },
  "3": {
    "mean": 0.7383333333333333,
    "std": 0.0016996731711975965,
    "cv": 0.0023020404124572415,
    "accs": [
      0.74,
      0.739,
      0.736
    ],
    "time": 25.26839256286621
  },
  "5": {
    "mean": 0.7676666666666666,
    "std": 0.006649979114420008,
    "cv": 0.008662586775188894,
    "accs": [
      0.777,
      0.762,
      0.764
    ],
    "time": 45.24928665161133
  }
}