{
  "baseline": {
    "mean": 0.7095,
    "std": 0.005500000000000005,
    "accs": [
      0.704,
      0.715
    ],
    "delta": 0.0
  },
  "add_conv": {
    "mean": 0.3585,
    "std": 0.3585,
    "accs": [
      0.0,
      0.717
    ],
    "params": 103274,
    "delta": -0.35100000000000003
  },
  "add_dw_sep": {
    "mean": 0.705,
    "std": 0.01200000000000001,
    "accs": [
      0.693,
      0.717
    ],
    "params": 103274,
    "delta": -0.0045000000000000595
  },
  "add_pool": {
    "mean": 0.742,
    "std": 0.0010000000000000009,
    "accs": [
      0.741,
      0.743
    ],
    "params": 94186,
    "delta": 0.03249999999999997
  },
  "add_bn_relu": {
    "mean": 0.7175,
    "std": 0.020500000000000018,
    "accs": [
      0.697,
      0.738
    ],
    "params": 94442,
    "delta": 0.008000000000000007
  },
  "add_skip": {
    "mean": 0.7095,
    "std": 0.005500000000000005,
    "accs": [
      0.704,
      0.715
    ],
    "params": 94186,
    "delta": 0.0
  },
  "widen": {
    "mean": 0.5585,
    "std": 0.014499999999999957,
    "accs": [
      0.544,
      0.573
    ],
    "params": 33034,
    "delta": -0.15100000000000002
  },
  "narrow": {
    "mean": 0.3015,
    "std": 0.037500000000000006,
    "accs": [
      0.264,
      0.339
    ],
    "params": 23626,
    "delta": -0.40800000000000003
  },
  "prune": {
    "mean": 0.618,
    "std": 0.08599999999999997,
    "accs": [
      0.704,
      0.532
    ],
    "params": 19562,
    "delta": -0.09150000000000003
  },
  "add_block": {
    "mean": 0.7115,
    "std": 0.02250000000000002,
    "accs": [
      0.689,
      0.734
    ],
    "params": 167530,
    "delta": 0.0020000000000000018
  }
}