{
  "simple_cnn": {
    "mean": 0.3925,
    "std": 0.006500000000000006,
    "params": 94986,
    "accs": [
      0.386,
      0.399
    ]
  },
  "growth_graph": {
    "mean": 0.348,
    "std": 0.0040000000000000036,
    "params": 94762,
    "accs": [
      0.352,
      0.344
    ]
  }
}